audio_path|speaker_id|speaker_name|role|gender|language|start_sec|end_sec|duration|text|text_words|text_chars|style|sample_rate
wavs/SPEAKER_01/0001_00003.02-00030.64.wav|G|Гүлзада Таалайбекова|host|F|ky|3.02|30.64|27.62|ассалому алейкум сүйүктүү көрөрмандар жана ошондой эле угармандар эфирде сиздер айымдар ааламы берүүсүн көрүп отурасыздар сиздер менен болгон мен гүлзада таалайбекова кадырлуу көрөрмандар бүгүн сиздер менен буюрса сөздүн күчү туурасында маек кылмакчыбыз бүгүн бизде конокто сөз чеберинин ээси биз сүйгөн эжекебиз телеис жана илимпоз айым нуркыз кадырбекова ассалам алейкум нуркыз эже бүгүнкү биздин эфирибизге кош келипсиз|56|422|conversational|44100
wavs/SPEAKER_00/0001_00030.64-00034.64.wav|N|Нуркыз Кадырбекова|guest|F|ky|30.64|34.64|4.00|арыбаңыздар алейкум ассалам куш убак болуңуздар кубанычтамын|7|60|conversational|44100
wavs/SPEAKER_01/0002_00034.65-00042.40.wav|G|Гүлзада Таалайбекова|host|F|ky|34.65|42.40|7.75|сизди көрүп жаткандыгыбызга абдан биз дагы кубанычтабыз кандай учуп келип алдыңыз эң эле алгач өзүңүз ден соолугуңуздан сурап баштайлы|19|134|conversational|44100
wavs/SPEAKER_00/0002_00042.40-00050.65.wav|N|Нуркыз Кадырбекова|guest|F|ky|42.40|50.65|8.25|сонун болду анан ошол абада учуп келатып марванын студиясында бир кудай пайдалуу эфир кылгай деп дуба кылып келдик ниет|19|119|conversational|44100
wavs/SPEAKER_01/0003_00050.65-00070.08.wav|G|Гүлзада Таалайбекова|host|F|ky|50.65|70.08|19.43|амин рахмат эмесе бүгүн эфирибизди баштай берсек алгач сурообуз бул жерде негизи буттан жыгылган турат тилден жыгылган турбайт деген жакшы бир макал бар эмеспибизд элибизде анан негизи сөздүн күчү касиети туурасында алгач кеп кылсаңыз ушул боюнча жакшыраак маалымат алалы деп атабыз|41|282|conversational|44100
wavs/SPEAKER_00/0003_00070.98-00145.72.wav|N|Нуркыз Кадырбекова|guest|F|ky|70.98|145.72|74.74|негизи дүйнөдө деги эле адам аттууда башка жаныбардан айырмалаган биздин тилибиз да акыл эсибиз ыйманыбыз бирок ошону чыгарып бири бибизге жеткире турган бул тилибиз болуп эсептелинет анын ичине дагы биз сыяктуу кыргыз сыяктуу элде сөзгө иш арага маани берген макалдатып сүйлөгөн жарым миллион сап манасты сактаган жеткирген кыргыздай элде сөздүн орду наркы өтө чоң ошон үчүн тилден жыгылган турбайт өнөр алды кызыл тил сөзүм оозуман чыкканча мен анын ээсимин чыккандан кий н мен анын кулумун деген жоопкерчиликтүү сөздөрдү айтып келген жагдайыбыз ушул анан азыр кимди тааныйсың десең ушундай бир таанымал падышалар өтүптүр жолбашчылар өтүптүр жыйырма жылда отурган министрлер болуптур бирок эмнегедир биз айтматовду айтабыз алыкулду айтабыз саякбайды тааныйм дейбиз анан чечен чечен сөз баккан элден чыккан өнөрпоздорду тааныйбыз да бул дагы сөз баккан табиятыбыздан кабар берет болбосо баланча деген математик чыгыптыр деп айтсак деле болот аларга даг ыраазычылык бирок алар да өз илимин сөз менен тил менен жеткиргендигин белгилегенде сөздүн көркүн дагы шаңкайып ачыла түшөт да|156|1080|conversational|44100
wavs/SPEAKER_01/0004_00145.72-00182.72.wav|G|Гүлзада Таалайбекова|host|F|ky|145.72|182.72|37.00|ашаба жакшы айттыңыз бул жерден карап биздин эле кыргыз агартуучуларыбыз канчалык ушунчалык жан дүйнөсү таза жана ошондо сөзгө ушунчалык чечен болгон экендигин дагы бир жолу көрүп турабыз анан негизи айтаарым бүгүнкү күндө деле мисалы коомчулукта деле арасында сөздөн адашуу ошол эле учурда оюбузду жоготуп алып толкун сүрдөнүү бул ар бир инсанда эле болуп келет го негизи ушул туурасындакеп кысөздү түшүндүрө албай эле кыйналган жагдайлар көп болот да|67|452|conversational|44100
wavs/SPEAKER_00/0004_00182.72-00410.00.wav|N|Нуркыз Кадырбекова|guest|F|ky|182.72|410.00|227.28|ооба негизи сөздү туура жеткирүү анын көркөмдүүлүгүн арттыруу бул биринчи адамдын айтабыз да илимине билимине сөз байлыгына депчи илим менен билим сөз байлык деле жеткире алуу деле адамдын ниети менен дилине байланыштуу болот анткени баягы сөз жан дүйнөбүздө үйүлүп турган бермес шороп сыяктуу сөздөр болот да ошону сүйлөгөндө тилибизде чыгат эгерде дилибизде ниетибизде ошол нерселер жок болсо эмнени сузуп алсак ошол чыгат да ошондуктан сүрдөнүү өзүн жоготуу көңүлдөгүдөй баягы оюн бере албай калуу жылдан жылга күч алып жаткан болсо анда ниет менен дилди бир оңдоп коюшубуз керек анан экинчи нерсе бул сөз байлык болмоюнча аны шорудай кылып тизүү мүмкүн эмес айталы сиз аябай чеберсиз аябай сонун бир кемселдерди күрмө чапандарды тигесиз дизайнердик бирок сизде сонун кездеме түстүү түмөн жибек жиптер анан арасына кошчу шурулар сапаттуу сапаттуу жанагы тиш таштар болбосо эмнени тигесиз сиз кантип кооз коласыз аябай чеберчилигиңиз сонун бирок жок тигинин баары болуш керек ошол сыяктуу экинчи нерсе ошол сөз баккан адамдардын чөйрөсүндө болуп ошону колдонуп анан ошол нерсени практикалап ошого артыкчылык берип үйрөнүш керек бизде бир ушундай бир тенденция мода болду совет бийлиги таркагандан кийин кайра куруу мезгилдеринден кийин бир өзүбүздү изденүү мезгилине келгенде эптеп эле нан таап жашаган аябай эртең наным жок болуп кандай болом деген сан аркоо пайда болду да ошондон улам материалдык байлык биринчи орунга чыгып ай билим албасаң жок могу эки диплому менен каражат таппай атат андан көрө кичине ишкерлик кыл бир өнөр үйрөнүп ал же мигрант болуп тыйын сала койг деген нерседен улам сөзгө маани бербей какап чакап оюбузы аксап калгандыгы чындык мен бир мезгилде жолдошум экөөбүз университетте окуп жүргөн мезгилде биздин жаштыгыбыз аябай оор мезгилге туура келди да анан жолдошум ушул медицина факультетинде бир курстан бир курска секирип окуган тарыхындагы жалгыз студент мен кыргыз филология факультетинин тарыхындаг биринчи президенттик стипендиямын анан бир курбум россияда барып иштеп келип анан документациясы иши бүтпөй окуусу калып кеткен экен үйгө келип анан аи силер кандай окудуңар эле кандай окудуңар эле анан ушул беш бөлмөлүү үйдө жашайсыңарбы мен тиги бишкекте баткен базарынын жанында эки кабат үйүм бар деп айтты да анан мен күлүп айттым да эмнеге эмнеге биз ошентсек силер укмуш окугансыңар эмнеге жакшы жашаш керек деп атасың анан айттык бул беш бөлмөнү деле жакында эле алдык үч эле бөлмө болчу аны деле жакында эле алдык деп ошентсем ойлонуп калды эле анан айттым бирок сенин эки кабат үйүң болсо деле иш бүтүргөнү мага келесиң да депчи демек илим билимге сөзгө наркка басым жасаган кесип менен жашоо образына артыкчылык бермейинче биз онтой беребиз бул биринчи көйгөй экинчи көйгөй сөзсүз түрдө күнүмдүк жашоодо сонун сүйлөөнү киргизиш керек бизде качан сонун сүйлөйбүз көчөдө бирөөгө тойдо же болбосо микрофон суна койсо же тааныбаган адамдардын чөйрөсүндө а үйдө барчаары тиги төрт бурчтук сурооңду бербечи мээмди ачыттың жонуңдан кайыш алам өпкөңдү үзөм кирпигиңден асам деген гана сөздөр колдонот ошон үчүн сөз байлык сонун болуш үчүн күндө колдонуп турган сөздөр оңой эми күндө эле баягы билесизби кудряшка сю деген кинодо күрмөңдү илип эле кайра ордуна кое бер дейт анан сага ошол адам оңой болуп калат деп түшүндүрөт аны сыңарындай сүйлөгөндө карбаластабай аптыкпай сөзүбүздү таппай сүрдөбөй калыш үчүн күндө ошентип сүйлөш керек бул экинчи маселе|510|3391|conversational|44100
wavs/SPEAKER_01/0005_00410.00-00413.50.wav|G|Гүлзада Таалайбекова|host|F|ky|410.00|413.50|3.50|демек буга биз күндө мээнет кылышыбыз керек|7|43|conversational|44100
wavs/SPEAKER_00/0005_00413.50-00415.50.wav|N|Нуркыз Кадырбекова|guest|F|ky|413.50|415.50|2.00|мэнет кылышыбыз курбандык салшыбыз керекандык|5|45|conversational|44100
wavs/SPEAKER_01/0006_00415.50-00429.00.wav|G|Гүлзада Таалайбекова|host|F|ky|415.50|429.00|13.50|а салышыбыз керек чоң рахмат эң сонун айттыңыз ал эми мына ушул угуу менен сүйлөөнүн бири бирине айкаштыгы боюнча кеп кылсаңыз анткени көпчүлүгүбүз балким укпастан улам дагы сөздү көп түшүнбөй калабыз да|32|203|conversational|44100
wavs/SPEAKER_00/0006_00429.00-00557.66.wav|N|Нуркыз Кадырбекова|guest|F|ky|429.00|557.66|128.66|ооба ооба азыр мен өзү баягы сүйлөшүү маданияты боюнча мыну жергиликтүү кеңеште депутатмын анан банкта иштеп атам анан ишкерлик кылам тамада болом журналист болом дегенди өтө көп окуттук да кудайдын кулагы кубансын бир отуз миңдей адамды окуттук мына ошол жерде бир нерсени билем кичине эле сөз багып китеп окуп сөз байлыгы көбөйүп калса ошо кооздоп эле сүйлөсөм дейт да ушу шаңкылдап эле мен сүйлөсөм анан мынтсем кээде унчукпай коюу узак сүйлөгөндөн бир шуру сөздөн артыгыраак болуп калат да а унчукпай коюу бул угуу маданияты угуу маданияты мындай болот да биз байкайсыздарбы айрыкча айымдарда отурганда сүйлөшкүң келип калат бир окуяны бөлүшкүң келет деп коет баяндагың келет дилиңдеги бир эмоцияң энергияңды бөлүшкүң келет анан айтасың ай гүлзада азыр бир кызык окуя болбодубу азыр келатып эле таксиге чыккам анан эле капчыгымд унутуп калыптырмын анан акча таппай деп баштаганда эле сиз менин оозуман жулуп аласыз да мен да ошондой болгом дейсиз да эстеп кети ошондо бизде муну мен ушинтип коем менин автордук сөзүм оозунан жыра тартпай мода бул уга билбей калуу маектешүүнүн сыры жана таасирдүү болуунун сыры сүйлөй билүүдө эмес уга билүүдө да жатат уга билүү ооба дейбестен ошонун керектүүсүн алып анан угуп аткан мисалы сиздин алып баруу маданиятыңызда көп журналистке караганда угуп кетип аткан кептин куудулуна ылайык суроо берүү кээ бир журналист байкайсызбы өзү жазып алган суроону берип мурунку суроонун эсебинен кийинки берчүсүн жооп берип койсоң ии деп кайра ошол суроону берет бул да уга билүү уга билүү маекти көркүнө чыгарат бияктагы кишиа азыр эле жооп берсе кызык болбодубу деп айтат ошондуктан сүйлөө кандай маданиятту маанилүү болсо уга билүү андан кем эмес маанилүү болуп эсептелинет кээде уга билүү маданияты бүгүн сүйлөй билүүдөн кыйкыра билүүдөн оюн жеткирүүдөн да таңсыгыраак маанилүүрөк болуп калгандыгын белгилеп өткүм келет|281|1853|conversational|44100
wavs/SPEAKER_01/0007_00557.66-00599.73.wav|G|Гүлзада Таалайбекова|host|F|ky|557.66|599.73|42.07|ошо жакшы жооп бердиңиз нуркыз эже негизи ар бир инсанга албетте мактоо аллахка жарашат деп айтабыз бирок инсанды да кээде чындыгында айтып коюу деле бул эч кандай жакшы жактарын айтып коюу бул сөзсүз түрдө ар бир үчүн зарыл негизи сизди мындай сөз чеберчиликти таптоо жаатында мисалы кыргызстанда номер один деп мен өзүм көрөм да рахмат анткени сиздин сөз байлыгыңыз ошол эле учурда бизге жеткирип бизге мындай сүйлөп ошону түшүндүрүүңүз өтө бир жогору негизи сиздин жашооңузда негизи ушул ораторлук жака кандай келип калдыңыз жашооңузда мындай толкундануу сүрдөнүү болуп турабы ушул боюнча токтолсоңуз жакшы|92|609|conversational|44100
wavs/SPEAKER_00/0007_00599.73-00844.88.wav|N|Нуркыз Кадырбекова|guest|F|ky|599.73|844.88|245.15|айтып өтпөдүмбү менин балалыгым  оор болду элдер узун кезек нанга турчу буудай жок болуп калчу загара жеген биз бала кыргызстан ошондой болду мен эмес баардык кыргызстан ошондой жаштыкты балалыкты кечирдик анан ошол мезгилде анан ой кумтөр чуусу чыгып калды саясат деген күчөгөн мезгил кыргыздын интеллигенциясынын баары депутат төлөгөн касымбеков бегиш ааматов жана мар байжиевдер сүйлөгөндү кулагыбыз уюп укчубуз анан мен эмнегедир экономист болом дедим да экономист болом жерди иликтейм анан кумтөрдү таза кылып иштетем алгандарды колго чабам анан мен барып кыргызстанды байытам деген сезим менен эле ошого даярданып математик болуп эле жүрдүм бирок мектепте бир мугалим аябай менин кыргыз тилчи болоорума ишеним артчу алтынчы класстан баштап он биринчи клас алып кирип алып мени көркөм айттырып сабакты баягы кара сөздү кайра айтып берүү чеберчилик маданиятты үйрөнгүлө ай көзүң кашайган ук муну деп угузчу көрсө ошондо даярдап койгон экен а ошол эжекелериме да ыраазычылык андан кийинкиси чоң атам аябай сөз баккан киши болгон биз азыркылар айтат го кайнатам кайнэнем менен жашабайм депчи биз чоң ата чоң энем менен жашагандыгы үчүн эне атабызга өтө ыраазычылык билдиребиз биз улуу үйдөгүдөй кыргыздын салтындагыдай чоң атамдын улуу баласы деле эмеспиз атам кичүүсү деле эмес ушу кандайдыр бир тагдыр буйруп дайыма чектелүү тагдырдын берешендиги аллахтын буйругу каалоосу деп кабылайбыз чоң ата чоң энебиз менен чогуу жашадык укмуш өз эле мисалы эки эле сөз айтайын ары жок күлүп калсаң айтат эле ушул бей ар уйкучу бей жай күлкүчү жашоодо дайым чупуну жашайт дейт эле жетишпей жашайт эле ошондон күлө берүү жакшы эмес экендигин салабаттуулукту анан кечке уктай берүү эмес эмгекчилдикти эрте турууну адат кылдык мына бир сөз менен бир өмүргө жетчү тарбия берди а чоң энем айтчу аппак унда айып жок аны жапкан зайып жок деп бир өмүр мен кандай жубай болуп атам балдарыма татыктуу эне болдумбу деген суроо бере ала турган тартип болду мына ушул нерселерди угуп чоңоюп ошолорду анан туура эмес сүйлөсөң дайыма унчукпай эле иий деп койбой бала деп койбой жок андай эмес деп айтчу чоң атам андай болбойт антип айтылбайт деп динден да кабар болгон үчүн ошол күнүмдүк сүйлөө маданиятындагы чеберчилик менен адепти диндин талаптары менен бекемдеп берчү ошого ошол кишинин рухтарына бир фатиха болсун андан кийин атам ошондой киши болгон анан эл арасында абдан көп айтып жүрөт нуржигит кадырбеков өзү дагы жолугушууларда айтат ошол эгерде мен чечен болуп калсам анда нуркыз кадырбековнанын салымы бар деп айтат экөөбүз айтышчубуз үйдө көрсө ошону дэле баягы далилдөөгө аракет кылчубуз мыкты болууга аракет кылчубуз сабактарда да таймашчубуз баягы бир үйдө бир туугандарда удааларда деле ушундай болот го ошол да бир салым болду деп ойлойм анан сүрдөө боюнча мен жабыгыраакмын да элдин баарына эле ай деп эле ушу досум эле дей берет го ошенте бербейт м чакталуп эле досум бар алар даг жыйырма отуз жылдык анан ошого баягы мектепте иш чараларды официалдуу алып барып анан журналист болуп калдым он сегиз жашыман баштап микрофонду алып баруучу болуп калдым да мен көчө монтип микрофон ташыган кабарчы болбодум баяндамачы алып баруучу болуп калдым ал монтип отуруп сүйлөйт го кийин публикага чыккан мезгилде мен сүрдөдүм себеби адамдар ошол адабий тилдин нормасында ошол публикага чыккан статус деңгээлде сүйлөсөң кабыл албай эмне болуп атат деген нерсени бетинен көрсөтөт экен да анан мен ошолорго түшүнүктүү болуш үчүн күнүмдүк тилде эмоцияны артистизмди мимика жестти кошо баштаганда мен башка адам болуп кеткен жокмунбу артист болуп кеткен жокмунбу деген кооптонуу санаркоо менде толкундоону жаратчу кийин ошол баягы телевидениядагы чеберчилик менен мугалим катары мен бүтүп эле мугалим болдум да университетте тренер болдум анан элдин алдына чыккандагы спикерликти айкалыштыра билип калганда анан сүрдөө сезимин толук жеңүү мүмкүнчүлүгү т|578|3835|conversational|44100
wavs/SPEAKER_01/0008_00844.88-00851.13.wav|G|Гүлзада Таалайбекова|host|F|ky|844.88|851.13|6.25|демек бул учурда деле публика менен көбүрөөк аралашып жана көбүрөөк сүйлөшүш|11|76|conversational|44100
wavs/SPEAKER_00/0008_00851.13-00882.63.wav|N|Нуркыз Кадырбекова|guest|F|ky|851.13|882.63|31.50|көндүм да ошого көндүм баягы апаларыбыз сүйлөп атып эле тамак жасайт биз тиктеп турабыз го ошо карасып турсак жакшы бышчудайчы ошол сыяктуу көндүм да бул көндүм болуп эсептелинет анан ушу эли журтума рахмат алкап ой сонун сүйлөйсүң эй баягында сүйлөгөнүң тим эле жакты деп көчөдөн көрсө кыргызстандын кайсы бурчунан көрсө алкап калса бизге стимул анан азыр дагы келатып унаада да таксиде дагы менден каражат албай акысыз алып келип койду аялым аябай жакшы көрөт сизди депчи ушул да бизге стимул|79|494|conversational|44100
wavs/SPEAKER_01/0009_00882.63-00921.13.wav|G|Гүлзада Таалайбекова|host|F|ky|882.63|921.13|38.50|ооба ооба албетте бизде кыргызстанда негизи ушундай биздин сыймыктанчу сөз чеберинин ээлери бар экендиги дагы бул биздин сыймык десек болот да нуржигит кадырбеков агайыбыз менен дагы сыймыктанабыз албетте сөз чеберин таптаган мыкты инсандарсыздар десек дагы болот бул нерсеге чоң салым кошкон сиздердин чоң ата чоң энеңиздер ошол эле учурда ата энеңиздердин салымы өтө чоң экен ооба аллах ыраазы болсун анан нуркыз эже негизи китеп окуу боюнча токтолуп кетсеңиз негизи сиз кандай китептерди окуйсуз бул учурда деле сөзсүз түрдө китептерди көбүрөөк окусаңыз керек|82|562|conversational|44100
wavs/SPEAKER_00/0009_00921.13-01112.88.wav|N|Нуркыз Кадырбекова|guest|F|ky|921.13|1112.88|191.75|ооба мен окутам да окутканда баягы бири банкер болот бири экономист болот бири курулушчу болот бири сатуу менеджер бири блогер анан ошолор окуп атканда кандай китепти окусам мен кайсындай китепи сунуштайсыз деп айтат да мен ошондо биринчи айтам сага жаккан китепти оку депчи себеби китеп окуган адатка айланыш үчүн ал сага жаккан ада болуш керек мисалы мен сизди арыктаткым келсе арф баштасам сразу эле брокколи же десем мага жакпайт десе жок брокколиден башка жебейсиң дебешим керек да ошол сыяктуу балким ашкабак сизге дагы эмне жагат бадыраңчы балким смузи ыңгайлуубу селдер иче аласызбы деп отуруп анан ошонун бирөөсүн сизге жакканы менен башташым керек да анан болбосо болбой натыйжа бербей калат ошол сыяктуу эле китеп окуганда ар бир өзү табиятына китепти окуш керек бирок сөз байлыгы үчүн көркөм чыгарма керектелет бирок көркөм чыгарманын да стилдери бар да мага мисалы тарыхый романдар көлөмдүү китептер романдар психологиялык романдар аябай жагат да а кээ бир киши приключениялуу чыгарманы жакшы көрүшү мүмкүн каныбек романына окшогон окуя кубалап ой азыр үйлөнөт жетип калат деген ал жаксы ошону окуш керек бирок болгон эреже бир ичиндеги жаккан сөздү кайра эстеп калып колдонууга киргизиш керек жүз жолу укусаң деле аны практикалабасаң натыйжасы жок сизди деле айтат го организмиңизде д витамин жетпей атыптыр сиз ошону ичиңиз десе отуруп отуруп эле түнү бирде жеп кое турган болсоңуз сизде д витамин көбөйбөйт эрте менен ач карын майлуу тамак менен аз аралыктын ичинде суу менен ичсе ал эффект берген сыяктуу китепти кандай окусаңыз деле ошонун ичиндеги сизге жаккан өзгөчө көркөмдүү таасирдүү сөз же сөз айкаштарын балким бүтүндөй бир фразаны өзүңүзгө алып сиңирмейинче ал натыйжа бербейт бул бир жалпы эреже мен өзүм китеп окуганда айтпадымбы мындай өзгөчө китептерге баалайм деп азыр кайсы китеп сунуштайт элеңиз ушул турганда десе мен тургеневдин чыгармаларын жактырып окуйм кайсы китепти жактырат элеңиз десе төлөгөн касымбековдун чыгармаларын мисалы кел кел сынган кылыч эмне деген чыгарма а бүгүнкү үй бүлөлүк мамилелер боюнча жан дүйнөм боштук болуп турат мен андай тарыхты окугум келбейт десе анда мен нуржигит кадырбековдун эсине кайткан роза деген китебин сунуштамакмын себеби үй бүлөлүк мамилелерди өзүңдүн көйгөйүңү көзгө сайып көрсөтүп а кокуй ой могу мен го мени эле жазып коюптур деп ынануу менен кабыл ала турган ошол эле мезгилде мындай жан дүйнөңдү тырмай турган сөздөр менен сөз айкаштар менен жеткирген биз маани берип карабай жаткан психологиялык көйгөйлөрдү көтөргөндүгү менен баалуу да анан бир жылда бир үзбөй дайыма окуп турчу китеп текчеңизде кайсы китеп десе анда мен манасты айтмакмын манастагы сөз салт кайтуу кечирүү ынануу достук кайын журт менен мамиле үй бүлөлүк мамилелер анан жетекчи саясат жаштар маданияты каада нарк деген нерсеге мен ошол жерден жооп таба алам ошону окумакмын кез кез бир жылда бир кайталап окуп коем|437|2869|conversational|44100
wavs/SPEAKER_01/0010_01112.88-01147.63.wav|G|Гүлзада Таалайбекова|host|F|ky|1112.88|1147.63|34.75|эң сонун негизи бул нерсе бизге дагы бир сабак болду анткени китеп окуунун зарылчылыгы канчалык бүгүнкү күндө өтө маанилүү экендигин айтып атасыз да анткени китеп окубай туруп адам сүйлөөсүз деле кыйын эмеспи ооба таптакыр ошол эле учурда дагы бир суроом негизи азыр сиз ораторлукка жол деп атайын ушул буюрса иш чара алганы турат ооба ушул иш чаранын максаты анан ушул иш чарага негизи катышкандар негизи өзүңүздүн ушул иш чара боюнча айтып кетсөңүз жакшы болот эле|75|466|conversational|44100
wavs/SPEAKER_00/0010_01147.63-01375.35.wav|N|Нуркыз Кадырбекова|guest|F|ky|1147.63|1375.35|227.72|ар бир нерсе тил өзү коомдук зарылчылыктан пайда болгон да бири баягы байыркы опшиналык коомдо жүргүлө деп үн алышып анан чогулуп барып бирден арстанды өлтүргөнгө караганда бир аң уулап келген ыңгайлуу болгон үчүн бири ымдап ошентип тил пайда болгон да ошол сыяктуу бул курс деле бул окутуу деле бул багыт илим берүү деле зарылдыктан пайда болду иним үйлөнүп атты эле куттуктоо жазып берип койчу анан жетекчи болуп калдым эле мамлекеттик тилде жакшы сүйлөшүм керек болуп атат анан балам менен тил табыша албай калып атам кайнэнеме эмне сүйлөсөм эле жакпайм күйөөм экөөбүз отуруп эле урушуп кетебиз деп отуруп жөнөкөй күнүмдүк быт деп коебуз ошондон отуруп жетекчиликке чейин саясатка келеби коомго келеби башкарууга келеби тил зарыл аанокутуп отуруп бул онлайн курска айланды да үйдө отуруп анын убактысын да сыйлап менин убактымды да сыйлап менин башка мамлекеттик ишим деле бар да ошентип отурган мезгилде анан айтат да бир жандуу сүйлөшсөк баягыларды окуйюн дейм практикалаганга чөйрө жок аура жок качан келип каласыз сиз менен бир сүйлөшүп отурсам деп айтышат да анан ошого мындай жандуу жолугушууларды уюштуруу бизге мындай караганда киреш э залдын өзүнүн саатын аласың ошол жерде чай ичкени кымбат бир эле сүрөт тарта турган аймак кичинекей зона жасатса ошол деле алтымыш жетимиш миң сом бирок биз кээде финансылык кызыкчылыктан кээде бизге ыңгайлуулуктан башкаларга керектүү болуу деген миссияга чыгышыбыз керек да ошондон улам биз уюштуруп отурабыз жалаң аялдар үчүн анткени аялдардын өзүнүн психологиялык өзгөчөлүгү бар биз өзүбүз бир темада сүйлөшсөк сүйлөшөбүз бул жерде чогулуп алып эле э келгиле аялдар биригели эркектерди урушайлы деген нерсе жок аял эркек гармонияда болгондо гана бактылуулук болот жана жашоо жеңилдейт бул ал багытта эмес бир өзүбүздүн чөйрөбүздө жан дүйнөбүздө бири бирибизге окшош темалар бар эркекке мырзаларга тулпар күлүктүн жакшысы маанилүү болсо көк бөрүгө барган маанилүү болсо бизге отуруп алып сырдашкан же чай ичкен же бир айымдардын чөйрөсүндө бир жарманкеге катышкан ыңгайлуу болушу мүмкүн ошон үчүн бул жерде сөз анан күндө маани эң көп суроолорду берген көйгөй окуп алып деле кайра практикалай албай аткандагы болгон нерселерди системалап чыктык биз ошону жалпы берип коелу деп атабыз келген эле окутпай эле сатпай эле акысыз эле ошону айтып берели деп атат мына көйгөйү бар мына көйгөйү бар мына көйгөйү бар ошондо эле мынтип кетет деп мисалы бир окуяны айтып берейин мен шаардык кеңеште депутат болуп отуруп калбадымбы анан бир кичинекей көчөнү улам оңдошот түшүп калат чакырып алып эле биз жетекчинин баарын эле такалап жатып калабыз килемдин үстүнө отургузуп эле эмне болдуңар анан жеп койдуңар анан сапатсыз кылып койдуңар көрсө ал көчөнүн аты ключевая экен булак өтөт экен астында ошол булакка труба жаткырып труба менен өткөргөндө гана тиги асфальт үстүнөн түшпөй калды ошол сыяктуу алар аябай сапаттуу асфальт басып аткан экен болгону булакка көпүрө өткөрбөй калыптырбыз кайра ал жеп кете бериптир дагы жер чөгүп кете берет ошол сыяктуу аябай сонун окугандар бар өтө сонун илим кылгандар бар сөздү терип алып жаттагандар бар бирок кантип практикага киргизе албай атам дегенде астынан труба өткөрбөй калгандар бар да өтмөк ошого окшогон нерселерди берели деген мындай илгери үмүтүбүз бар кудай таалам аллах таалам ошол максатыбызга жеткирип илимибизди жугумдуу кылгай келген адамга сөзүбүздү жагымдуу кылгай деген аракетибиз зор мен ойлойм сонун жолугушуу болот болуш керек райондордо чет мамлекеттеги кыргыздарда көп бардык бул боюнча анан ойлоп көрсөк бишкекте уюштурбаганыбызга бир жыл болуп калыптыр оо|534|3561|conversational|44100
wavs/SPEAKER_01/0011_01375.35-01401.85.wav|G|Гүлзада Таалайбекова|host|F|ky|1375.35|1401.85|26.50|кылып атабыз тамашаа жакшы буюрса мен дагы күтүп атам чыдамсыздык менен иншааллах анан нуркыз эже мына ушул курстан сурагым келип атат негизи кыргызстанда айымдардын арасында талап көп болуп атабы анан көбүнчө сөзз байлыгымды өстүрөм мамилени оңдойм деген максатта келип атышат да ооба ошол жакта мындай сизди кейиткен нерселер кайсылар болду сиз мындай угуп|53|358|conversational|44100
wavs/SPEAKER_00/0011_01401.85-01587.44.wav|N|Нуркыз Кадырбекова|guest|F|ky|1401.85|1587.44|185.59|бизди мени кейиткен нерсе бул сүйлөшүү чеберчилиги оратордук өнөр деген бул илим да кеп маданияты бул илим тил илиминин эле бир чоң ошол илимий аспектти окутайын десең мүмкүн эмес да ошону жөнөкөйлөштүрүп жанагындай кылып таңгактап иргеп терип анан ошону бир өзү бир токуп дегендей күнүмдүк турмушка анан азыркы биздин кабыл алуу аң сезимибиздин деңгээл дараметине ылайыктуу иштеп чыгыш керек болуп атат фразелогизм десең фразелогизм эмне эле дегенде ошо жыргап эле ыйлагың келет жыргап эле ыйлагың келет анан синонимдерди көбөйтүш керексиң синоним кайсы эле деп калганда бардар бакыбат беш кишиге жетекчи иштүөчү анан мындай жетише адамдар ушинтип сураганда капа болуп кокуй ай депчи бирок ошого карабастан эмиудйаа ошол тарапталөнүктүрүп жумуш берип атпайбы анан кой эми таң калбай бири бирибизге пайдалуу кылганына шүгүр алардын баары эле фразелогизм синоним кеп маданиятын түшүнө берсе мени эмнени окутат бул деле аллах таалахтын мындай кенендиги айкөлдүгү адилеттүүлүгү деп мээримдүүлүгү деп окутуп атабыз бул биринчи көйгөй экинчи көйгөй нерсе келип эле менин башым ачып эле үйрөтүп койсо анан мен эртең эле чечен болуп калсам дейт андай жок да бүгүн мээрим жуманазарова менен айсулуу тыныбекова жоламан акжолдор дүйнөнү багындырып рейтингке чыгып аткан болсо алар курбандык салып биз ашканада шернеде аш жеп отурганда алар залда отурду да аз уктады буту сынса аксап жүрүп тарамыш үзүлүп кетип рингке чыкты ошол сыяктуу илим деле бул чеберчилик алар күрөштүн чеберчилигине жеткен сыяктуу ораторлук чечендик чеберчиликке жетиш үчүн ошентип сааттап сөзгө маани берип сааттап жаттап анан күнүнө сөзсүз китеп окуп кайра ошону колдонуп практикалап анан ошол болбой калса өнүктүрүп бүгүн жаңы сөз үйрөнгөн жокмун деп талап болмоюнча натыйжа болбой турган узак процесс экенин түшүндүрө албай калганда капа болуп кетем андан кийинки дагы бир чоң көйгөй мен сатуу менеджермин дейт да же мен блогерм ошо инстаграмга ылайык эле сөз байлык болсо болот дейт ушу эледен качан кутулат экенбиз э бул сүйлөө чеберчилиги кептин маданият ынандыруу мүмкүнчүлүгү жана чечендик өнөр бул универсалдуу качан болсо үй бүлөлүк мамиледе коомдук мамиледе башкаруу менеджерликте таасир этүүдө же жөн эле жашооңду жеңилдетүүдө же өнөктөш табууда абдан маанилүү качан болсо каерде сууруп чыгып йн турган маки бычактай универсалдуу өнөр курал экендигин билиш керекпиз анан акыркысы үндү өзгөртсө болот десем ишенбейт да бул үн аспап үндү өзгөртсө болот десең жок менин үнүм корулдак дей берет да жок үн дагы комуз күүлөгөн сыяктуу|371|2504|conversational|44100
wavs/SPEAKER_01/0012_01588.15-01606.28.wav|G|Гүлзада Таалайбекова|host|F|ky|1588.15|1606.28|18.13|ооба эң туура кошулам анткени учурунда мен деле мисалы маселен журналист тармагына келгенге чейин үнүмдөн уялчумун бирок китеп окуп радио тармагында иштеп улам сиз айткандай жана артикуляциялык көнүгүүлөрдү жасап анан кийин үндү таптаганга толук мүмкүнчүлүк жаралды да|37|268|conversational|44100
wavs/SPEAKER_00/0012_01606.28-01610.78.wav|N|Нуркыз Кадырбекова|guest|F|ky|1606.28|1610.78|4.50|жакшы болбодубу сиз да тастыктап койбодуңузбу муну эфирден|8|58|conversational|44100
wavs/SPEAKER_01/0013_01610.78-01645.53.wav|G|Гүлзада Таалайбекова|host|F|ky|1610.78|1645.53|34.75|рахмат эң сонун жооп бердиңиз нургыз эже негизи ушул тил жаатында сөз байлыкты өстүрүү жаатында негизи эле сөздүн күчү канчалык экендигин азыр дагы да бир жолу даңазалап айтып өттүңүз да негизи сөздүн касиети канчалык чоң экендигин ушул боюнча дагы бир бышыктап кетсеңиз негизи биз жанакы кандай десек психология менен мына ушул сөздүн бир байланыштары боюнча сурап кетким келип атат да ооба мисалы ушул боюнча кыскача|65|418|conversational|44100
wavs/SPEAKER_00/0013_01645.53-01836.17.wav|N|Нуркыз Кадырбекова|guest|F|ky|1645.53|1836.17|190.64|байланыш баягы башында айтпадыкпы ниет депчи азыр эми ушундай бир кооз шыктандыруу дегенди мотивация деп койсоң башкача да анан устат үйрөткөн жол көрсөткүч агайым дегенге караганда наставник коуч деп койсоң башкача да же тренер деп койсоң же болбосо эл алдына чыгып сүйлөгөн чечен дегенге караганда спикер деп койсоңбашк аны сыңардай психология десе эле бизде башкача болуп калат психология биздин аң сезим дүйнө таанымыбыз ниетибиз мындай ойлоо манерабыз ички дүйнөүз сүйлөгөнгө чейинки сүйлөп жаткандагы баардык аракетибиздин көрүнбөгөн жагы да ал ошонго байланыштуу да жөнөкөй эле мисалы кээ бир адамдар өзүнчө эле жөнөкөй болом деп ошо жүрөбүз бизбечараларды алат бул адамдын психологиясына же өзүнүн кыйын экендигин далилдегиси келип аткан бир жесть жатат же чындап эле өз алдына ишенбестик жатат муну мындай караганда анын ойлоосун дароо түшүнүп коюуга мүмкүнчүлүк бар сүйлөп атканда деле мен деген ушундай кылдым деп аткан болсо анда азыркы абалына зорго жеткендигинез өзү дагы ынанпай кетет ошол мен андай эмесминби депчи өзү баса белгилеп жаткан болсо анан сүрдөп аткан болсоңуз дагы бул сиздин жетишпегендигиңиздин же кемпайлыгыңыздын же алсыздыгыңыздын белгиси эмес ыйманыңыздын бар экендигинин белгиси да ыйманы бар киши уялат да сүрдөөнү бул жөн эле нормалдуу сезим экендигин түшүнүш керек а бул баягы сезим бул болуш керек келиш керек жанагы турмушка чыгасың боюңда болуш керек токсикоз болуш керек төрөшүң керек дегендей эле сүрдөнүү бул нормалдуу сезим бир орус айтты эле путин да сүрдөйт депчи сүрдөш керек бул ыйманыбыздын белгиси би мен эле кыйын эмес мен бир жаңылгыч пендемин мен бир кам сүт эмген пендемин кудай жаңылдырба деген кудай таалага болгон өзүбүздүн тапшыруубуз толкундоо жоопкерчилик сезими болгону ошону жеңе билиш керек экендигин билиш керек да ошон үчүн психология деген бул сүйлөөгө ушундай бир таасир эте турган тыгыз байланыш өнүмүнө маани бере турган ниетти жарата турган бир чоң биздин айдыңыбыз көрүнбөгөн көмүскө бирок жети асмандай чалкыган бир жагдайыбыз ааламыбыз экендигин бил сүйлөгөн сөзүбүз оңолот ошол аң сезимибизди ниетибизди энергиябызды дитибизди дээрибизди оңдогондо сөзүбүз жакшырат ошон үчүн психологиясы бузулган адам мен союп кетем сайып коем анан кесип коем жок кылып коем бир кнопкаме мынтип коем деп сүйлөй баштайт оозуна ошол келет да ниети бузулган адам анан жан дүйнөсүндө бактылуулук өргүп турганда ай көйнөк сонун жарашыптыр кечегиден даг сулуусуз сизди бир жакшы көрүп кучактап коеюнчу десе демек анын дилинде бактылуулук турган болот ошон үчүн сөзүбүз жакшы болсун бирөөгө жагымдуу болоюн дилин оорутпайын бирөөнүн кан жар сымал жаралап койбоюн дейт тил жарасы бүтпөйт айыкпайт анан бычак жарасы айыгат дейт ошондой болуп калбайын десек анда биз психологиябызды оңдошубуз керек бул өтө тыгыз байланыш|406|2771|conversational|44100
wavs/SPEAKER_01/0014_01836.17-01856.62.wav|G|Гүлзада Таалайбекова|host|F|ky|1836.17|1856.62|20.45|жан дүйнөбүз аллах ыраазы болсун нургыз эже алтындай болгон убактыңызды эң алгач бөлүп келип бергендигиңиз үчүн эң эле алгач сизге ыраазычылык билдиребиз анан азыр акыркы дагы бир суроону берип өтөйүн деп атам бул убакыт тууралуу убакытты туура үнөмдөө боюнча ушул боюнча кыскача ушу айтып берсеңиз бизге|46|304|conversational|44100
wavs/SPEAKER_00/0014_01856.62-02030.41.wav|N|Нуркыз Кадырбекова|guest|F|ky|1856.62|2030.41|173.79|убакытка тактык убакытты сактоо убакытты белгилөө боюнча сааты жок эле кум сааты эчтекеси жок эле кыргызчалык жоопкерчиликтүү эл болгон эмес да мен манасты окуган кыргыздын наркына маа берген идеологиясына артыкчылык берген консерватор кыргыздын наркын сүйгөн адам катары бир нерсени баа берейин кечигип калса кыргызча жоопкерчиликсиз болсо кыргызча бул кыргыз деген сөз дал ошол кыргыздын чыккынчылары жана өздөрү бүгүнкү күндө жоопкерчиликсиз адамдар кыргыз нак так туура жүргөн аркан бою кездешкенде десе бүгүн кыргыздардын жыйыны курултай өтө турган болсо тээ нарынга оштон туруп келип калган ошол күнгө ошол саатка ошондуктан убакытка так болуу ар бир кыргыз жана кыргызстандыктын милдети деп эсептейм экинчиси кыргызча тактык беш мүнөт эрте деген бир замандашыбыздын китеби чыккан бул ошондой анан tiймe menеgжment деп эле бирөө дүйнөдө китеп жазып койгон экен бул жөн эле убакытты башкаруу деген эле сөз а tiйм mенеджмент деп эле анан ошолорду жок биринчи убактысын бөлүштүргүсү келген адам өзүнүн уйкусун бөлүштүрүш керек анан миссиясын артыкчылык бериш керек кайсы ишим маанилүү кайсы ишим маанилүү эмес депи ушундай маанилүү бизде сүйлөп отура беребиз да ушу сүйлөп убакытты кетирбеш керек жөн эле мына мен сиздин сонун постуңуздун астына кирем да анан ай гүлзада тиги ичккөз айнегиңди алып койбойсуңбу анан ак жолук салынбайсыңбы көк жоолук салынбайсыңбы десем мен убактымы кор колуп атам сөзүмү да кор колуп атам ошол нерседе сонун деп бармагым өсүп кетип анан сиздин сөзүңүз менен амалыңыздан бир нерсени алып барып балама айтсам мына мен убакытты туура пайдалангам мына мен мүмкүнчүлүктү туура пайдаланганым мүмкүнчүлүктү колдон чыгарбаган ушул нерсени айтып жет албай чарчадым ютуб каналдарга ушул илимибиз кичине жогумдуу болуп калабы экен деп ошол жиндилер отурат деген тикток тармагына айдыңына инстаграмга фейсбукка биз илимдерибизди киргизебиз жүз киши рахмат деп жазыса жүз биринчиси башыңыздагы эмне ая анан неме оозуңузду боедуңуз беле анан көзүңүздү анан ошол кишилерге мен капа болбойм убактысына күйөм да ка энергиясы бирдиги мынану жазган телефондун кубаты убактысы сөзү корободубу аи деп анан бир жакшы дуба кылып коем ушулардын да убактысын берекелүү кыла көр кудай депчи ошол сыяктуу мынакей азыр силерге да рахмат убакытты туура пайдаланып азыр эжеке барып үйүңүздө деле отурат элеңиз ошол аралыкта келип түз эфирге келип кетиңиз деп чакырган убакытты туура түшүнгөн убакытты текке кетирбеген мүмкүнчүлүктү баалаган жакшы адамдарга микрофонду сунуп ошону жеткирүүнү миссия кылган сиздердин жамаатка дагы ыраазычылык билдирип ктейн бр болуңар|370|2572|conversational|44100
wavs/SPEAKER_01/0015_02030.41-02037.41.wav|G|Гүлзада Таалайбекова|host|F|ky|2030.41|2037.41|7.00|чоң рахмат аллах ыраазы болсун эмесе биздин көрөрмандарга угармандарга өзүңүздүн жылуу сөзүңүздү арнап өтсөңүз ооба буюрса|16|122|conversational|44100
wavs/SPEAKER_00/0015_02037.41-02158.24.wav|N|Нуркыз Кадырбекова|guest|F|ky|2037.41|2158.24|120.83|ушул азыр жылуу сөзүңүздү арнап өтүңүз деген кандай жакшы э бул мындай бир мүмкүнчүлүк азыр биз журналисттерди мен өзүм мына жыйырма жылдык тележурналист болдум канча шакирт тарбияладым эфирге барып калабыз бүгүн конок катары мынтип айта беришет да сизге эркин микрофон ага чейин эркин эмес микрофон беле ага чейин эмне мурдубузду кайрып отурдук беле колубузду кайрып ошол сыяктуу бир жакшы сөзүңүздү айтып кет деген бир нерсеңизди сурабай калдымбы ушундай бир мүмкүнчүлүк болду эле айтып калууга сизге мүмкүнчүлүк дегендин бир сонун формулировкасы экен мен муну журналисттерге сунуштайт элем биринчиси экинчиси менин айткым келгени ушундай тил берген эки жүз миңден ашык түрү бар жандуунун ичинен кудай таала адам кылган ыйман сыйлаган анын ичинде да кыргызстанды жашатып кыргыз тилин сүйлөткөн кудайыма дайым мактоолорду айтам анан бейэсеп шүгүр келтирем анан экинчиси ушул ар бир сөзүбүз мамлекеттик тилибиздин астындаы ар бирибиздин миссиябыз жана кылган чоң салымыбыз ошол тилде так туура даана жеткиликтүү кооз башкалар укса сүйлөгүсү келип кеткендей  деп жүрөгүн ойготкондой сүйлөгөнөзү андан кийинкиси күнүмдүк жашоодо эл журтка сени тейлеп аткан таксистке балким арабакечке көйнөгүңдү тигип берп батинкеңи каккан устага сонун сүйлөгөндүгүң бул сенин берген анча мынча чөнтөгүңнөн чай ичип кой деген садагадан бир материалдык нерседен бийик тура тургандыгын арнасак бүгүн тема сөз тууралуу сөз баалуулугу сөздүн керемети тилдин күчү тууралуу болуп калгандыгына байланыштуу ушул нерсени айткым келди бири бирибизден комплимент жакшы сөз алкоо бато ыраазычылык баалоо деген сезимдерди сөздөрдү аябасак деп кетем бар болуңуздар бизди көтөргөн бизди баалаган бизди ушундай бир бул сөз баккан адам да деп чыгарган бул эл элден айланса болот ошо ар бириңиздердин үй бүлөңүздөрдө жакшылык тар болсын|256|1800|conversational|44100
wavs/SPEAKER_01/0016_02158.24-02176.50.wav|G|Гүлзада Таалайбекова|host|F|ky|2158.24|2176.50|18.26|чоң рахмат сизге да терең ыраазычылык билдиребиз үй бүлөңүз менен сак саламатта болуңуз ден соолукта болуңуз жана биздин кыргызстандын айымдарын өнүктүрүп өстүрүп жүрө бериңиз э омин кадырлуу көрөрмандар бизге бөлүнгөн убакыт дагы соңуна келип жетти келэрки көрсөтүүбүзгө чейин ассаляму алейкум ва рахматуллахи ва баракатух|44|323|conversational|44100
